,movie,rating
0,Star Wars: Episode V - The Empire Strikes Back,PG
1,The Shining,R
2,Raging Bull,R
3,The Elephant Man,PG
4,Airplane!,PG
5,The Blues Brothers,R
6,Friday the 13th,R
7,Caddyshack,R
8,Superman II,PG
9,The Blue Lagoon,R
10,The Fog,R
11,The Gods Must Be Crazy,PG
12,Cannibal Holocaust,Unrated
13,Flash Gordon,PG
14,Ordinary People,R
15,Dressed to Kill,R
16,Altered States,R
17,Popeye,PG
18,The Changeling,R
19,Somewhere in Time,PG
20,9 to 5,PG
21,Stir Crazy,R
22,Private Benjamin,R
23,American Gigolo,R
24,Fame,R
25,The Big Red One,R
26,Any Which Way You Can,PG
27,Coal Miner's Daughter,PG
28,Brubaker,R
29,Smokey and the Bandit II,PG
30,Prom Night,R
31,Used Cars,R
32,Heaven's Gate,R
33,Urban Cowboy,PG
34,Raiders of the Lost Ark,PG
35,Das Boot,R
36,The Evil Dead,NC-17
37,The Road Warrior,R
38,Escape from New York,R
39,For Your Eyes Only,PG
40,An American Werewolf in London,R
41,The Fox and the Hound,G
42,Halloween II,R
43,Stripes,R
44,Excalibur,PG
45,Time Bandits,PG
46,Friday the 13th Part 2,R
47,Chariots of Fire,PG
48,Scanners,R
49,Clash of the Titans,PG
50,Blow Out,R
51,Porky's,R
52,Gallipoli,PG
53,The Cannonball Run,PG
54,Heavy Metal,R
55,Body Heat,R
56,The Howling,R
57,On Golden Pond,PG
58,Victory,PG
59,Arthur,PG
60,Thief,R
61,The Postman Always Rings Twice,R
62,Reds,PG
63,Quest for Fire,R
64,The Final Conflict,R
65,Taps,PG
66,My Bloody Valentine,R
67,Nighthawks,R
68,Southern Comfort,R
69,Dragonslayer,PG
70,Mommie Dearest,R
71,The Great Muppet Caper,G
72,The French Lieutenant's Woman,R
73,Blade Runner,R
74,E.T. the Extra-Terrestrial,PG
75,The Thing,R
76,Gandhi,PG
77,First Blood,R
78,Rocky III,PG
79,Conan the Barbarian,R
80,Poltergeist,PG
81,TRON,PG
82,Star Trek II: The Wrath of Khan,PG
83,Tootsie,PG
84,Fast Times at Ridgemont High,R
85,The King of Comedy,PG
86,48 Hrs.,R
87,Fanny and Alexander,R
88,The Dark Crystal,PG
89,Airplane II: The Sequel,PG
90,An Officer and a Gentleman,R
91,Friday the 13th Part III,R
92,Creepshow,R
93,Annie,PG
94,Sophie's Choice,R
95,Halloween III: Season of the Witch,R
96,The Secret of NIMH,G
97,The Verdict,R
98,The World According to Garp,R
99,Firefox,PG
100,The Beastmaster,PG
101,The Year of Living Dangerously,PG
102,Diner,R
103,A Midsummer Night's Sex Comedy,PG
104,Cat People,R
105,Missing,PG
106,The Entity,R
107,Star Wars: Episode VI - Return of the Jedi,PG
108,Scarface,R
109,Trading Places,R
110,A Christmas Story,PG
111,Octopussy,PG
112,National Lampoon's Vacation,R
113,WarGames,PG
114,Videodrome,R
115,Risky Business,R
116,The Outsiders,PG
117,Christine,R
118,Superman III,PG
119,Never Say Never Again,PG
120,The Dead Zone,R
121,The Right Stuff,PG
122,Terms of Endearment,PG
123,Flashdance,R
124,Sudden Impact,R
125,Jaws 3-D,PG
126,Cujo,R
127,Twilight Zone: The Movie,PG
128,The Big Chill,R
129,Rumble Fish,R
130,Krull,PG
131,The Man with Two Brains,R
132,Sleepaway Camp,R
133,Psycho II,R
134,Mr. Mom,PG
135,Silkwood,R
136,Blue Thunder,R
137,Strange Brew,PG
138,All the Right Moves,R
139,Staying Alive,PG
140,Bad Boys,R
141,Valley Girl,R
142,Educating Rita,PG
143,The Terminator,R
144,Indiana Jones and the Temple of Doom,PG
145,Amadeus,R
146,Ghostbusters,PG
147,A Nightmare on Elm Street,R
148,Gremlins,PG
149,The Karate Kid,PG
150,Beverly Hills Cop,R
151,Nausicaä of the Valley of the Wind,PG
152,This Is Spinal Tap,R
153,The NeverEnding Story,PG
154,Dune,PG-13
155,Police Academy,R
156,Sixteen Candles,PG
157,Blood Simple.,R
158,Romancing the Stone,PG
159,Conan the Destroyer,PG
160,Star Trek III: The Search for Spock,PG
161,Splash,PG
162,Footloose,PG
163,1984,R
164,Top Secret!,PG
165,Red Dawn,PG-13
166,2010,PG
167,Revenge of the Nerds,R
168,Children of the Corn,R
169,The Natural,PG
170,Starman,PG
171,Friday the 13th: The Final Chapter,R
172,The Last Starfighter,PG
173,Bachelor Party,R
174,Stranger Than Paradise,R
175,Repo Man,R
176,Firestarter,R
177,Body Double,R
178,The Toxic Avenger,R
179,Broadway Danny Rose,PG
180,The Adventures of Buckaroo Banzai Across the 8th Dimension,PG
181,The Bounty,PG
182,The Muppets Take Manhattan,G
183,Purple Rain,R
184,Back to the Future,PG
185,The Breakfast Club,R
186,The Goonies,PG
187,Brazil,R
188,Rocky IV,PG
189,Rambo: First Blood Part II,R
190,Commando,R
191,Mad Max Beyond Thunderdome,PG-13
192,Ran,R
193,A View to a Kill,PG
194,Witness,R
195,Weird Science,PG-13
196,The Color Purple,PG-13
197,Clue,PG
198,Day of the Dead,Not Rated
199,Legend,PG
200,A Nightmare on Elm Street 2: Freddy's Revenge,R
201,Cocoon,PG-13
202,National Lampoon's European Vacation,PG-13
203,After Hours,R
204,The Return of the Living Dead,R
205,Pale Rider,R
206,Pee-wee's Big Adventure,PG
207,Police Academy 2: Their First Assignment,PG-13
208,Fletch,PG
209,The Purple Rose of Cairo,PG
210,Teen Wolf,PG
211,Spies Like Us,PG
212,Better Off Dead...,PG
213,A Room with a View,Not Rated
214,Red Sonja,PG-13
215,Silverado,PG-13
216,St. Elmo's Fire,R
217,Friday the 13th: A New Beginning,R
218,Real Genius,PG
219,The Black Cauldron,PG
220,To Live and Die in L.A.,R
221,Mask,PG-13
222,Aliens,R
223,Platoon,R
224,Stand by Me,R
225,Ferris Bueller's Day Off,PG-13
226,Top Gun,PG
227,Blue Velvet,R
228,The Fly,R
229,Castle in the Sky,PG
230,Highlander,R
231,Labyrinth,PG
232,Big Trouble in Little China,PG-13
233,Crocodile Dundee,PG-13
234,Star Trek IV: The Voyage Home,PG
235,The Color of Money,R
236,Pretty in Pink,PG-13
237,The Karate Kid Part II,PG
238,¡Three Amigos!,PG
239,Hannah and Her Sisters,PG-13
240,Cobra,R
241,Manhunter,R
242,Little Shop of Horrors,PG-13
243,Short Circuit,PG
244,The Golden Child,PG-13
245,The Money Pit,PG
246,An American Tail,G
247,Down by Law,R
248,The Great Mouse Detective,G
249,Flight of the Navigator,PG
250,Hoosiers,PG
251,Howard the Duck,PG
252,The Hitcher,R
253,Police Academy 3: Back in Training,PG
254,Heartbreak Ridge,R
255,9½ Weeks,R
256,Jason Lives: Friday the 13th Part VI,R
257,Peggy Sue Got Married,PG-13
258,Henry: Portrait of a Serial Killer,Unrated
259,Critters,PG-13
260,Maximum Overdrive,R
261,Raw Deal,R
262,Sid and Nancy,R
263,Back to School,PG-13
264,The Mosquito Coast,PG
265,Full Metal Jacket,R
266,The Princess Bride,PG
267,Predator,R
268,The Untouchables,R
269,Lethal Weapon,R
270,RoboCop,R
271,Dirty Dancing,PG-13
272,Spaceballs,PG
273,Wall Street,R
274,Evil Dead II,R
275,The Running Man,R
276,"Good Morning, Vietnam",R
277,Raising Arizona,PG-13
278,The Lost Boys,R
279,"Planes, Trains & Automobiles",R
280,Empire of the Sun,PG
281,Beverly Hills Cop II,R
282,Hellraiser,R
283,The Last Emperor,PG-13
284,The Living Daylights,PG
285,Angel Heart,R
286,Fatal Attraction,R
287,A Nightmare on Elm Street 3: Dream Warriors,R
288,Wings of Desire,PG-13
289,The Witches of Eastwick,R
290,Innerspace,PG
291,Overboard,PG
292,Over the Top,PG
293,3 Men and a Baby,PG
294,Moonstruck,PG
295,Superman IV: The Quest for Peace,PG
296,Roxanne,PG
297,Police Academy 4: Citizens on Patrol,PG
298,Jaws: The Revenge,PG-13
299,Adventures in Babysitting,PG-13
300,Masters of the Universe,PG
301,No Way Out,R
302,Prince of Darkness,R
303,Throw Momma from the Train,PG-13
304,Dragnet,PG-13
305,Can't Buy Me Love,PG-13
306,Harry and the Hendersons,PG
307,Die Hard,R
308,Rain Man,R
309,My Neighbor Totoro,G
310,Beetlejuice,PG
311,Cinema Paradiso,R
312,Big,PG
313,Who Framed Roger Rabbit,PG
314,Coming to America,R
315,The Naked Gun: From the Files of Police Squad!,PG-13
316,A Fish Called Wanda,R
317,Rambo III,R
318,Twins,PG
319,They Live,R
320,Willow,PG
321,Mississippi Burning,R
322,Heathers,R
323,Scrooged,PG-13
324,Child's Play,R
325,Cocktail,R
326,The Land Before Time,G
327,Bloodsport,R
328,Midnight Run,R
329,Dangerous Liaisons,R
330,Dirty Rotten Scoundrels,PG
331,Red Heat,R
332,Crocodile Dundee II,PG
333,Young Guns,R
334,Working Girl,R
335,The Adventures of Baron Munchausen,PG
336,The Last Temptation of Christ,R
337,Frantic,R
338,The Big Blue,R
339,A Nightmare on Elm Street 4: The Dream Master,R
340,Bull Durham,R
341,Hellbound: Hellraiser II,R
342,Halloween 4: The Return of Michael Myers,R
343,The Dead Pool,R
344,Dead Ringers,R
345,The Great Outdoors,PG
346,The Unbearable Lightness of Being,R
347,Women on the Verge of a Nervous Breakdown,R
348,Police Academy 5: Assignment: Miami Beach,PG
349,The Accused,R
350,Indiana Jones and the Last Crusade,PG-13
351,Back to the Future Part II,PG
352,Dead Poets Society,PG
353,Batman,PG-13
354,The Little Mermaid,G
355,When Harry Met Sally...,R
356,Ghostbusters II,PG
357,The Abyss,PG-13
358,Lethal Weapon 2,R
359,National Lampoon's Christmas Vacation,PG-13
360,"Honey, I Shrunk the Kids",PG
361,Field of Dreams,PG
362,Bill & Ted's Excellent Adventure,PG
363,Kiki's Delivery Service,G
364,Born on the Fourth of July,R
365,Tango & Cash,R
366,Driving Miss Daisy,PG
367,Licence to Kill,PG-13
368,Pet Sematary,R
369,Say Anything...,PG-13
370,Uncle Buck,PG
371,Do the Right Thing,R
372,Look Who's Talking,PG-13
373,The 'Burbs,PG
374,My Left Foot,R
375,Turner & Hooch,PG
376,Major League,R
377,Road House,R
378,Star Trek V: The Final Frontier,PG
379,Crimes and Misdemeanors,PG-13
380,Black Rain,R
381,Kickboxer,R
382,"Sex, Lies, and Videotape",R
383,The War of the Roses,R
384,Weekend at Bernie's,PG-13
385,"See No Evil, Hear No Evil",R
386,The Karate Kid Part III,PG
387,Steel Magnolias,PG
388,Parenthood,PG-13
389,A Nightmare on Elm Street 5: The Dream Child,R
390,Lock Up,R
391,Sea of Love,R
392,Goodfellas,R
393,Edward Scissorhands,PG-13
394,Home Alone,PG
395,Back to the Future Part III,PG
396,The Godfather: Part III,R
397,Die Hard 2,R
398,Total Recall,R
399,Pretty Woman,R
400,Dances with Wolves,PG-13
401,Ghost,PG-13
402,The Hunt for Red October,PG
403,Misery,R
404,Predator 2,R
405,Kindergarten Cop,PG-13
406,Miller's Crossing,R
407,Rocky V,PG-13
408,Awakenings,PG-13
409,Tremors,PG-13
410,Jacob's Ladder,R
411,Teenage Mutant Ninja Turtles,PG
412,RoboCop 2,R
413,Flatliners,R
414,Wild at Heart,R
415,Days of Thunder,PG-13
416,La Femme Nikita,R
417,Arachnophobia,PG-13
418,Darkman,R
419,Child's Play 2,R
420,Bird on a Wire,PG-13
421,Night of the Living Dead,R
422,Another 48 Hrs.,R
423,Presumed Innocent,R
424,Joe Versus the Volcano,PG
425,Young Guns II,PG-13
426,Mermaids,PG-13
427,The Silence of the Lambs,R
428,Terminator 2,R
429,Beauty and the Beast,G
430,Hook,PG
431,Robin Hood: Prince of Thieves,PG-13
432,Cape Fear,R
433,Point Break,R
434,JFK,R
435,Thelma & Louise,R
436,The Addams Family,PG-13
437,Boyz n the Hood,R
438,Barton Fink,R
439,The Naked Gun 2½: The Smell of Fear,PG-13
440,Hot Shots!,PG-13
441,The Last Boy Scout,R
442,The Doors,R
443,Delicatessen,R
444,The Fisher King,R
445,Backdraft,R
446,My Girl,PG
447,Star Trek VI: The Undiscovered Country,PG
448,Father of the Bride,PG
449,Fried Green Tomatoes,PG-13
450,What About Bob?,PG
451,Bill & Ted's Bogus Journey,PG
452,Night on Earth,R
453,Hudson Hawk,R
454,The Rocketeer,PG
455,Teenage Mutant Ninja Turtles II: The Secret of the Ooze,PG
456,Sleeping with the Enemy,R
457,City Slickers,PG-13
458,My Own Private Idaho,R
459,Naked Lunch,R
460,Highlander II: The Quickening,R
461,Freddy's Dead: The Final Nightmare,R
462,The Double Life of Véronique,R
463,Child's Play 3,R
464,Doc Hollywood,PG-13
465,The Commitments,R
466,New Jack City,R
467,L.A. Story,PG-13
468,Regarding Henry,PG-13
469,Frankie and Johnny,R
470,Don't Tell Mom the Babysitter's Dead,PG-13
471,Reservoir Dogs,R
472,Unforgiven,R
473,Aladdin,G
474,Alien³,R
475,Batman Returns,PG-13
476,Scent of a Woman,R
477,A Few Good Men,R
478,Bram Stoker's Dracula,R
479,Basic Instinct,R
480,Army of Darkness,R
481,Lethal Weapon 3,R
482,The Last of the Mohicans,R
483,Wayne's World,PG-13
484,The Bodyguard,R
485,My Cousin Vinny,R
486,Patriot Games,R
487,Death Becomes Her,PG-13
488,Glengarry Glen Ross,R
489,Dead Alive,R
490,A League of Their Own,PG
491,Sister Act,PG
492,Universal Soldier,R
493,Twin Peaks: Fire Walk with Me,R
494,Malcolm X,PG-13
495,Under Siege,R
496,White Men Can't Jump,R
497,Porco Rosso,PG
498,El Mariachi,R
499,Far and Away,PG-13
500,The Mighty Ducks,PG
501,Chaplin,PG-13
502,The Player,R
503,A River Runs Through It,PG
504,The Crying Game,R
505,The Muppet Christmas Carol,G
506,Buffy the Vampire Slayer,PG-13
507,Encino Man,PG
508,Schindler's List,R
509,Jurassic Park,PG-13
510,Groundhog Day,PG
511,The Nightmare Before Christmas,PG
512,The Fugitive,PG-13
513,Mrs. Doubtfire,PG-13
514,Philadelphia,PG-13
515,What's Eating Gilbert Grape,PG-13
516,True Romance,R
517,Falling Down,R
518,Dazed and Confused,R
519,Demolition Man,R
520,Sleepless in Seattle,PG
521,In the Name of the Father,R
522,Last Action Hero,PG-13
523,A Bronx Tale,R
524,Tombstone,R
525,Cliffhanger,R
526,Robin Hood: Men in Tights,PG-13
527,The Firm,R
528,In the Line of Fire,R
529,Cool Runnings,PG
530,Three Colors: Blue,R
531,The Piano,R
532,Wayne's World 2,PG-13
533,The Pelican Brief,PG-13
534,Addams Family Values,PG-13
535,A Perfect World,PG-13
536,Free Willy,PG
537,Indecent Proposal,R
538,Benny & Joon,PG
539,Kalifornia,R
540,Coneheads,PG
541,Menace II Society,R
542,The Age of Innocence,PG
543,The Shawshank Redemption,R
544,Pulp Fiction,R
545,Forrest Gump,PG-13
546,Léon: The Professional,R
547,The Lion King,G
548,Dumb and Dumber,PG-13
549,The Mask,PG-13
550,Speed,R
551,Interview with the Vampire: The Vampire Chronicles,R
552,Ace Ventura: Pet Detective,PG-13
553,True Lies,R
554,Clerks,R
555,Natural Born Killers,R
556,Stargate,PG-13
557,Ed Wood,R
558,The Crow,R
559,Legends of the Fall,R
560,Four Weddings and a Funeral,R
561,Maverick,PG
562,Naked Gun 33 1/3: The Final Insult,PG-13
563,The Santa Clause,PG
564,Clear and Present Danger,PG-13
565,Three Colors: Red,R
566,The Hudsucker Proxy,PG
567,Beverly Hills Cop III,R
568,Star Trek: Generations,PG
569,The Flintstones,PG
570,Quiz Show,PG-13
571,Ri¢hie Ri¢h,PG
572,Three Colors: White,R
573,The Client,PG-13
574,Shallow Grave,R
575,In the Mouth of Madness,R
576,Timecop,R
577,Chungking Express,PG-13
578,Don Juan DeMarco,PG-13
579,New Nightmare,R
580,Little Women,PG
581,Airheads,PG-13
582,"The Adventures of Priscilla, Queen of the Desert",R
583,Disclosure,R
584,Se7en,R
585,The Usual Suspects,R
586,Braveheart,R
587,Toy Story,G
588,Twelve Monkeys,R
589,Heat,R
590,Casino,R
591,Die Hard with a Vengeance,R
592,Jumanji,PG
593,Apollo 13,PG
594,Before Sunrise,R
595,GoldenEye,PG-13
596,Batman Forever,PG-13
597,Bad Boys,R
598,Ace Ventura: When Nature Calls,PG-13
599,Waterworld,PG-13
600,Desperado,R
601,Clueless,PG-13
602,Pocahontas,G
603,Billy Madison,PG-13
604,Ghost in the Shell,Not Rated
605,Mallrats,R
606,Babe,G
607,Leaving Las Vegas,R
608,Casper,PG
609,Outbreak,R
610,The Basketball Diaries,R
611,Mortal Kombat,PG-13
612,Crimson Tide,R
613,Sense and Sensibility,PG
614,Friday,R
615,Dead Man,R
616,While You Were Sleeping,PG
617,Dead Man Walking,R
618,The Quick and the Dead,R
619,Get Shorty,R
620,Tommy Boy,PG-13
621,Species,R
622,Kids,Unrated
623,The Bridges of Madison County,PG-13
624,The City of Lost Children,R
625,Hackers,PG-13
626,Trainspotting,R
627,Fargo,R
628,Independence Day,PG-13
629,Mission: Impossible,PG-13
630,The Rock,R
631,Scream,R
632,From Dusk Till Dawn,R
633,Jerry Maguire,R
634,Mars Attacks!,PG-13
635,Romeo + Juliet,PG-13
636,Happy Gilmore,PG-13
637,Sleepers,R
638,The English Patient,R
639,Twister,PG-13
640,Primal Fear,R
641,The Cable Guy,PG-13
642,Space Jam,PG
643,A Time to Kill,R
644,Ransom,R
645,Star Trek: First Contact,PG-13
646,Matilda,PG
647,The Nutty Professor,PG-13
648,Eraser,R
649,101 Dalmatians,G
650,Broken Arrow,R
651,Sling Blade,R
652,The People vs. Larry Flynt,R
653,Kingpin,PG-13
654,The Birdcage,R
655,Phenomenon,PG
656,Swingers,R
657,The Long Kiss Goodnight,R
658,Bottle Rocket,R
659,Escape from L.A.,R
660,That Thing You Do!,PG
661,Breaking the Waves,R
662,Jack,PG-13
663,Titanic,PG-13
664,Good Will Hunting,R
665,Life Is Beautiful,PG-13
666,L.A. Confidential,R
667,Men in Black,PG-13
668,The Fifth Element,PG-13
669,The Lost World: Jurassic Park,PG-13
670,Face/Off,R
671,The Game,R
672,The Devil's Advocate,R
673,Princess Mononoke,PG-13
674,Jackie Brown,R
675,Gattaca,PG-13
676,Liar Liar,PG-13
677,Con Air,R
678,Donnie Brasco,R
679,As Good as It Gets,PG-13
680,Starship Troopers,R
681,Contact,PG
682,Boogie Nights,R
683,Batman & Robin,PG-13
684,Alien: Resurrection,R
685,Austin Powers: International Man of Mystery,PG-13
686,Cube,R
687,Hercules,G
688,Tomorrow Never Dies,PG-13
689,Air Force One,R
690,Scream 2,R
691,Event Horizon,R
692,Chasing Amy,R
693,I Know What You Did Last Summer,R
694,Lost Highway,R
695,My Best Friend's Wedding,PG-13
696,Seven Years in Tibet,PG-13
697,Anastasia,G
698,The Jackal,R
699,The Full Monty,R
700,Bean,PG-13
701,Conspiracy Theory,R
702,Anaconda,PG-13
703,Grosse Pointe Blank,R
704,Cop Land,R
705,Flubber,PG
706,Wag the Dog,R
707,Dante's Peak,PG-13
708,Speed 2: Cruise Control,PG-13
709,Saving Private Ryan,R
710,American History X,R
711,The Truman Show,PG
712,The Big Lebowski,R
713,"Lock, Stock and Two Smoking Barrels",R
714,Armageddon,PG-13
715,There's Something About Mary,R
716,A Bug's Life,G
717,Fear and Loathing in Las Vegas,R
718,Blade,R
719,Rush Hour,PG-13
720,Mulan,G
721,Enemy of the State,R
722,Shakespeare in Love,R
723,Meet Joe Black,PG-13
724,Run Lola Run,R
725,Dark City,R
726,You've Got Mail,PG
727,Godzilla,PG-13
728,Ronin,R
729,Pi,R
730,The Thin Red Line,R
731,Rushmore,R
732,The Mask of Zorro,PG-13
733,Deep Impact,PG-13
734,The Man in the Iron Mask,PG-13
735,Lethal Weapon 4,R
736,Antz,PG
737,The Waterboy,PG-13
738,Rounders,R
739,The Wedding Singer,PG-13
740,The Negotiator,R
741,Pleasantville,PG-13
742,The Prince of Egypt,PG
743,City of Angels,PG-13
744,The Parent Trap,PG
745,The Faculty,R
746,Wild Things,R
747,The X Files,PG-13
748,What Dreams May Come,PG-13
749,Patch Adams,PG-13
750,Sphere,PG-13
751,U.S. Marshals,PG-13
752,Doctor Dolittle,PG-13
753,Elizabeth,R
754,Out of Sight,R
755,Fight Club,R
756,The Matrix,R
757,The Green Mile,R
758,American Beauty,R
759,The Sixth Sense,PG-13
760,Star Wars: Episode I - The Phantom Menace,PG
761,Toy Story 2,G
762,The Mummy,PG-13
763,American Pie,R
764,Sleepy Hollow,R
765,Being John Malkovich,R
766,Magnolia,R
767,Eyes Wide Shut,R
768,10 Things I Hate About You,PG-13
769,Notting Hill,PG-13
770,Office Space,R
771,The Boondock Saints,R
772,The Blair Witch Project,R
773,Austin Powers: The Spy Who Shagged Me,PG-13
774,Dogma,R
775,Big Daddy,PG-13
776,"South Park: Bigger, Longer & Uncut",R
777,Tarzan,G
778,The World Is Not Enough,PG-13
779,Cruel Intentions,R
780,The Talented Mr. Ripley,R
781,The Iron Giant,PG
782,The Ninth Gate,R
783,Three Kings,R
784,The Insider,R
785,"Girl, Interrupted",R
786,Wild Wild West,PG-13
787,The Bone Collector,R
788,Analyze This,R
789,Galaxy Quest,PG
790,The Virgin Suicides,R
791,Payback,R
792,Man on the Moon,R
793,8MM,R
794,Deep Blue Sea,R
795,Stuart Little,PG
796,The 13th Warrior,R
797,Any Given Sunday,R
798,Bicentennial Man,PG
799,Entrapment,PG-13
800,End of Days,R
801,The Cider House Rules,PG-13
802,Gladiator,R
803,Memento,R
804,Snatch,R
805,Requiem for a Dream,R
806,X-Men,PG-13
807,Cast Away,PG-13
808,American Psycho,R
809,Unbreakable,PG-13
810,Meet the Parents,PG-13
811,Mission: Impossible II,PG-13
812,"O Brother, Where Art Thou?",PG-13
813,Gone in Sixty Seconds,PG-13
814,"Crouching Tiger, Hidden Dragon",PG-13
815,The Patriot,R
816,Almost Famous,R
817,Pitch Black,R
818,Scary Movie,R
819,"Me, Myself & Irene",R
820,Final Destination,R
821,The Beach,R
822,Amores Perros,R
823,Traffic,R
824,Remember the Titans,PG
825,What Women Want,PG-13
826,How the Grinch Stole Christmas,PG
827,Chocolat,PG-13
828,Miss Congeniality,PG-13
829,Charlie's Angels,PG-13
830,Chicken Run,G
831,High Fidelity,R
832,Battle Royale,Not Rated
833,Erin Brockovich,R
834,The Emperor's New Groove,G
835,Road Trip,R
836,The Perfect Storm,PG-13
837,"Dude, Where's My Car?",PG-13
838,Hollow Man,R
839,Scream 3,R
840,Billy Elliot,R
841,Shanghai Noon,PG-13
842,The 6th Day,PG-13
843,What Lies Beneath,PG-13
844,Pay It Forward,PG-13
845,The Whole Nine Yards,R
846,In the Mood for Love,PG
847,Coyote Ugly,PG-13
848,Men of Honor,R
849,The Family Man,PG-13
850,Frequency,PG-13
851,The Lord of the Rings: The Fellowship of the Ring,PG-13
852,A Beautiful Mind,PG-13
853,"Monsters, Inc.",G
854,Donnie Darko,R
855,Amélie,R
856,Harry Potter and the Sorcerer's Stone,PG
857,Shrek,PG
858,Spirited Away,PG
859,Ocean's Eleven,PG-13
860,Training Day,R
861,Black Hawk Down,R
862,The Fast and the Furious,PG-13
863,The Others,PG-13
864,Pearl Harbor,PG-13
865,Mulholland Drive,R
866,The Mummy Returns,PG-13
867,A.I. Artificial Intelligence,PG-13
868,Jurassic Park III,PG-13
869,Moulin Rouge!,PG-13
870,The Royal Tenenbaums,R
871,Hannibal,R
872,Vanilla Sky,R
873,Zoolander,PG-13
874,American Pie 2,R
875,Blow,R
876,Enemy at the Gates,R
877,Bridget Jones's Diary,R
878,Planet of the Apes,PG-13
879,Lara Croft: Tomb Raider,PG-13
880,Rush Hour 2,PG-13
881,Swordfish,R
882,K-PAX,PG-13
883,Legally Blonde,PG-13
884,A Knight's Tale,PG-13
885,Jay and Silent Bob Strike Back,R
886,From Hell,R
887,Scary Movie 2,R
888,I Am Sam,PG-13
889,Spy Game,R
890,Shallow Hal,PG-13
891,The Princess Diaries,G
892,The Score,R
893,Evolution,PG-13
894,Ghost World,R
895,Y Tu Mamá También,R
896,The Lord of the Rings: The Two Towers,PG-13
897,Catch Me If You Can,PG-13
898,City of God,R
899,Spider-Man,PG-13
900,The Pianist,R
901,Star Wars: Episode II - Attack of the Clones,PG
902,Harry Potter and the Chamber of Secrets,PG
903,The Bourne Identity,PG-13
904,Minority Report,PG-13
905,Ice Age,PG
906,Gangs of New York,R
907,28 Days Later...,R
908,Signs,PG-13
909,Men in Black II,PG-13
910,The Ring,PG-13
911,Equilibrium,R
912,The Transporter,PG-13
913,Insomnia,R
914,Phone Booth,R
915,Panic Room,R
916,Red Dragon,R
917,Resident Evil,R
918,Road to Perdition,R
919,8 Mile,R
920,Chicago,PG-13
921,Die Another Day,PG-13
922,A Walk to Remember,PG
923,Blade II,R
924,Austin Powers in Goldmember,PG-13
925,Hero,PG-13
926,xXx,PG-13
927,Adaptation.,R
928,25th Hour,R
929,About a Boy,PG-13
930,Lilo & Stitch,PG
931,Bowling for Columbine,R
932,Punch-Drunk Love,R
933,Mr. Deeds,PG-13
934,The Scorpion King,PG-13
935,We Were Soldiers,R
936,Reign of Fire,PG-13
937,The Count of Monte Cristo,PG-13
938,About Schmidt,R
939,The Hours,PG-13
940,John Q,PG-13
941,My Big Fat Greek Wedding,PG
942,The Time Machine,PG-13
943,Infernal Affairs,R
944,The Lord of the Rings: The Return of the King,PG-13
945,Pirates of the Caribbean: The Curse of the Black Pearl,PG-13
946,Kill Bill: Vol. 1,R
947,Finding Nemo,G
948,The Matrix Reloaded,R
949,X-Men 2,PG-13
950,Oldboy,R
951,The Matrix Revolutions,R
952,Big Fish,PG-13
953,Mystic River,R
954,Love Actually,R
955,Lost in Translation,R
956,The Last Samurai,R
957,Terminator 3: Rise of the Machines,R
958,Bruce Almighty,PG-13
959,The Italian Job,PG-13
960,School of Rock,PG-13
961,Underworld,R
962,Hulk,PG-13
963,2 Fast 2 Furious,PG-13
964,21 Grams,R
965,Identity,R
966,Bad Boys II,R
967,Old School,R
968,Daredevil,PG-13
969,Anger Management,PG-13
970,Master and Commander: The Far Side of the World,PG-13
971,How to Lose a Guy in 10 Days,PG-13
972,American Wedding,R
973,Elf,PG
974,The League of Extraordinary Gentlemen,PG-13
975,Once Upon a Time in Mexico,R
976,Final Destination 2,R
977,Cold Mountain,R
978,S.W.A.T.,PG-13
979,Johnny English,PG
980,Good Bye Lenin!,R
981,Scary Movie 3,PG-13
982,Bad Santa,R
983,The Recruit,PG-13
984,Dogville,R
985,Monster,R
986,The Texas Chainsaw Massacre,R
987,Lara Croft Tomb Raider: The Cradle of Life,PG-13
988,Matchstick Men,PG-13
989,Freaky Friday,PG
990,Charlie's Angels: Full Throttle,PG-13
991,Eternal Sunshine of the Spotless Mind,R
992,Kill Bill: Vol. 2,R
993,The Incredibles,PG
994,Million Dollar Baby,PG-13
995,Spider-Man 2,PG-13
996,Harry Potter and the Prisoner of Azkaban,PG
997,The Notebook,PG-13
998,Shaun of the Dead,R
999,"I, Robot",PG-13
1000,Troy,R
1001,The Butterfly Effect,R
1002,The Bourne Supremacy,PG-13
1003,Crash,R
1004,The Day After Tomorrow,PG-13
1005,Shrek 2,PG
1006,The Terminal,PG-13
1007,Saw,R
1008,Collateral,R
1009,Ocean's Twelve,PG-13
1010,The Machinist,R
1011,Hotel Rwanda,PG-13
1012,Anchorman: The Legend of Ron Burgundy,PG-13
1013,The Aviator,PG-13
1014,Man on Fire,R
1015,50 First Dates,PG-13
1016,Downfall,R
1017,Mean Girls,PG-13
1018,National Treasure,PG
1019,Hellboy,PG-13
1020,Howl's Moving Castle,PG
1021,Meet the Fockers,PG-13
1022,Van Helsing,PG-13
1023,The Village,PG-13
1024,Dawn of the Dead,R
1025,Dodgeball: A True Underdog Story,PG-13
1026,The Chronicles of Riddick,PG-13
1027,Before Sunset,R
1028,Garden State,R
1029,The Passion of the Christ,R
1030,Finding Neverland,PG
1031,The Girl Next Door,R
1032,Closer,R
1033,A Series of Unfortunate Events,PG
1034,Napoleon Dynamite,PG
1035,EuroTrip,R
1036,Resident Evil: Apocalypse,R
1037,Harold & Kumar Go to White Castle,R
1038,AVP: Alien vs. Predator,PG-13
1039,Batman Begins,PG-13
1040,V for Vendetta,R
1041,Sin City,R
1042,Star Wars: Episode III - Revenge of the Sith,PG-13
1043,Harry Potter and the Goblet of Fire,PG-13
1044,Mr. & Mrs. Smith,PG-13
1045,War of the Worlds,PG-13
1046,Charlie and the Chocolate Factory,PG
1047,King Kong,PG-13
1048,The 40-Year-Old Virgin,R
1049,"The Chronicles of Narnia: The Lion, the Witch and the Wardrobe",PG
1050,Madagascar,PG
1051,Wedding Crashers,R
1052,Brokeback Mountain,R
1053,Fantastic Four,PG-13
1054,The Island,PG-13
1055,Lord of War,R
1056,Hitch,PG-13
1057,Constantine,R
1058,Serenity,PG-13
1059,Kingdom of Heaven,R
1060,Pride & Prejudice,PG
1061,Corpse Bride,PG
1062,Saw II,R
1063,Walk the Line,PG-13
1064,A History of Violence,R
1065,Thank You for Smoking,R
1066,Kiss Kiss Bang Bang,R
1067,Munich,R
1068,Match Point,R
1069,The Descent,R
1070,Transporter 2,PG-13
1071,The Hitchhiker's Guide to the Galaxy,PG
1072,Cinderella Man,PG-13
1073,Jarhead,R
1074,Hostel,R
1075,The Longest Yard,PG-13
1076,Hard Candy,R
1077,Flightplan,PG-13
1078,Green Street Hooligans,R
1079,Memoirs of a Geisha,PG-13
1080,The Departed,R
1081,The Prestige,PG-13
1082,300,R
1083,Pirates of the Caribbean: Dead Man's Chest,PG-13
1084,Pan's Labyrinth,R
1085,Casino Royale,PG-13
1086,Blood Diamond,R
1087,X-Men: The Last Stand,PG-13
1088,Children of Men,R
1089,Little Miss Sunshine,R
1090,The Pursuit of Happyness,PG-13
1091,The Da Vinci Code,PG-13
1092,The Illusionist,PG-13
1093,The Devil Wears Prada,PG-13
1094,Borat: Cultural Learnings of America for Make Benefit Glorious Nation of Kazakhstan,R
1095,Cars,G
1096,The Lives of Others,R
1097,Inside Man,R
1098,Mission: Impossible III,PG-13
1099,Lucky Number Slevin,R
1100,Click,PG-13
1101,Night at the Museum,PG
1102,Deja Vu,PG-13
1103,Babel,R
1104,Apocalypto,R
1105,Superman Returns,PG-13
1106,Ice Age: The Meltdown,PG
1107,Crank,R
1108,Perfume: The Story of a Murderer,R
1109,The Fountain,PG-13
1110,The Fast and the Furious: Tokyo Drift,PG-13
1111,The Holiday,PG-13
1112,Stranger Than Fiction,PG-13
1113,Silent Hill,R
1114,Rocky Balboa,PG
1115,Underworld: Evolution,R
1116,Saw III,R
1117,The Last King of Scotland,R
1118,Happy Feet,PG
1119,Talladega Nights: The Ballad of Ricky Bobby,PG-13
1120,The Hills Have Eyes,R
1121,Letters from Iwo Jima,R
1122,Over the Hedge,PG
1123,She's the Man,PG-13
1124,Smokin' Aces,R
1125,No Country for Old Men,R
1126,I Am Legend,PG-13
1127,The Bourne Ultimatum,PG-13
1128,Transformers,PG-13
1129,Ratatouille,G
1130,Pirates of the Caribbean: At World's End,PG-13
1131,Into the Wild,R
1132,Superbad,R
1133,Juno,PG-13
1134,There Will Be Blood,R
1135,Spider-Man 3,PG-13
1136,Harry Potter and the Order of the Phoenix,PG-13
1137,Hot Fuzz,R
1138,Zodiac,R
1139,Live Free or Die Hard,PG-13
1140,American Gangster,R
1141,Knocked Up,R
1142,Sweeney Todd: The Demon Barber of Fleet Street,R
1143,Ocean's Thirteen,PG-13
1144,Shooter,R
1145,The Simpsons Movie,PG-13
1146,3:10 to Yuma,R
1147,The Mist,R
1148,Shrek the Third,PG
1149,1408,PG-13
1150,28 Weeks Later,R
1151,Stardust,PG-13
1152,Fantastic 4: Rise of the Silver Surfer,PG
1153,Gone Baby Gone,R
1154,Atonement,R
1155,Sunshine,R
1156,Eastern Promises,R
1157,The Bucket List,PG-13
1158,Ghost Rider,PG-13
1159,Paranormal Activity,R
1160,Disturbia,PG-13
1161,National Treasure: Book of Secrets,PG
1162,P.S. I Love You,PG-13
1163,Resident Evil: Extinction,R
1164,Grindhouse,R
1165,The Golden Compass,PG-13
1166,Fracture,R
1167,Enchanted,PG
1168,The Darjeeling Limited,R
1169,The Dark Knight,PG-13
1170,WALL·E,G
1171,Iron Man,PG-13
1172,Slumdog Millionaire,R
1173,Gran Torino,R
1174,Taken,PG-13
1175,The Curious Case of Benjamin Button,PG-13
1176,Hancock,PG-13
1177,Twilight,PG-13
1178,The Hurt Locker,R
1179,The Incredible Hulk,PG-13
1180,Indiana Jones and the Kingdom of the Crystal Skull,PG-13
1181,Quantum of Solace,PG-13
1182,Kung Fu Panda,PG
1183,In Bruges,R
1184,Tropic Thunder,R
1185,Cloverfield,PG-13
1186,Wanted,R
1187,Yes Man,PG-13
1188,Pineapple Express,R
1189,Burn After Reading,R
1190,The Wrestler,R
1191,Jumper,PG-13
1192,Seven Pounds,PG-13
1193,Forgetting Sarah Marshall,R
1194,Step Brothers,R
1195,Hellboy II: The Golden Army,PG-13
1196,Vicky Cristina Barcelona,PG-13
1197,Changeling,R
1198,RocknRolla,R
1199,The Reader,R
1200,21,PG-13
1201,Role Models,R
1202,Valkyrie,PG-13
1203,Rambo,R
1204,Body of Lies,R
1205,Ip Man,R
1206,Let the Right One In,R
1207,Get Smart,PG-13
1208,Death Race,R
1209,The Happening,R
1210,Mamma Mia!,PG-13
1211,Madagascar: Escape 2 Africa,PG
1212,You Don't Mess with the Zohan,PG-13
1213,Revolutionary Road,R
1214,The Chronicles of Narnia: Prince Caspian,PG
1215,Inglourious Basterds,R
1216,Avatar,PG-13
1217,Up,PG
1218,The Hangover,R
1219,District 9,R
1220,Star Trek,PG-13
1221,Sherlock Holmes,PG-13
1222,Zombieland,R
1223,Watchmen,R
1224,500 Days of Summer,PG-13
1225,X-Men Origins: Wolverine,PG-13
1226,Harry Potter and the Half-Blood Prince,PG
1227,Transformers: Revenge of the Fallen,PG-13
1228,2012,PG-13
1229,Terminator Salvation,PG-13
1230,Moon,R
1231,Up in the Air,R
1232,3 Idiots,PG-13
1233,The Proposal,PG-13
1234,The Blind Side,PG-13
1235,Public Enemies,R
1236,Angels & Demons,PG-13
1237,Law Abiding Citizen,R
1238,The Twilight Saga: New Moon,PG-13
1239,Fast & Furious,PG-13
1240,Knowing,PG-13
1241,The Road,R
1242,Ice Age: Dawn of the Dinosaurs,PG
1243,The Girl with the Dragon Tattoo,R
1244,Mr. Nobody,R
1245,G.I. Joe: The Rise of Cobra,PG-13
1246,The Ugly Truth,R
1247,"I Love You, Man",R
1248,Cloudy with a Chance of Meatballs,PG
1249,Drag Me to Hell,PG-13
1250,Coraline,PG
1251,Orphan,R
1252,Fantastic Mr. Fox,PG
1253,The Taking of Pelham 123,R
1254,The Secret in Their Eyes,R
1255,17 Again,PG-13
1256,Surrogates,PG-13
1257,Night at the Museum: Battle of the Smithsonian,PG
1258,He's Just Not That Into You,PG-13
1259,Inception,PG-13
1260,Shutter Island,R
1261,Toy Story 3,G
1262,Black Swan,R
1263,Iron Man 2,PG-13
1264,How to Train Your Dragon,PG
1265,The King's Speech,R
1266,The Social Network,PG-13
1267,Kick-Ass,R
1268,Despicable Me,PG
1269,Harry Potter and the Deathly Hallows: Part 1,PG-13
1270,Tangled,PG
1271,Alice in Wonderland,PG
1272,Scott Pilgrim vs. the World,PG-13
1273,Easy A,PG-13
1274,127 Hours,R
1275,The Town,R
1276,The Fighter,R
1277,The Expendables,R
1278,Due Date,R
1279,TRON: Legacy,PG
1280,True Grit,PG-13
1281,Salt,PG-13
1282,RED,PG-13
1283,The Book of Eli,R
1284,Clash of the Titans,PG-13
1285,Prince of Persia: The Sands of Time,PG-13
1286,Insidious,PG-13
1287,Robin Hood,PG-13
1288,The A-Team,PG-13
1289,The Other Guys,PG-13
1290,The Twilight Saga: Eclipse,PG-13
1291,Grown Ups,PG-13
1292,The Tourist,PG-13
1293,Megamind,PG
1294,Predators,R
1295,Machete,R
1296,Unstoppable,PG-13
1297,Knight and Day,PG-13
1298,Blue Valentine,R
1299,The Next Three Days,PG-13
1300,Love & Other Drugs,R
1301,Percy Jackson & the Olympians: The Lightning Thief,PG
1302,Shrek Forever After,PG
1303,Get Him to the Greek,R
1304,Hot Tub Time Machine,R
1305,Harry Potter and the Deathly Hallows: Part 2,PG-13
1306,Thor,PG-13
1307,The Intouchables,R
1308,Captain America: The First Avenger,PG-13
1309,X-Men: First Class,PG-13
1310,Drive,R
1311,Limitless,PG-13
1312,Rise of the Planet of the Apes,PG-13
1313,Source Code,PG-13
1314,Pirates of the Caribbean: On Stranger Tides,PG-13
1315,"Crazy, Stupid, Love.",PG-13
1316,The Hangover Part II,R
1317,Mission: Impossible - Ghost Protocol,PG-13
1318,Warrior,PG-13
1319,Horrible Bosses,R
1320,Sherlock Holmes: A Game of Shadows,PG-13
1321,The Help,PG-13
1322,The Girl with the Dragon Tattoo,R
1323,Transformers: Dark of the Moon,PG-13
1324,Midnight in Paris,PG-13
1325,In Time,PG-13
1326,Fast Five,PG-13
1327,Moneyball,PG-13
1328,Super 8,PG-13
1329,Friends with Benefits,R
1330,50/50,R
1331,Real Steel,PG-13
1332,Hugo,PG
1333,Green Lantern,PG-13
1334,Bridesmaids,R
1335,Unknown,PG-13
1336,The Grey,R
1337,The Adjustment Bureau,PG-13
1338,The Descendants,R
1339,Kung Fu Panda 2,PG
1340,Paul,R
1341,Sucker Punch,PG-13
1342,I Am Number Four,PG-13
1343,The Artist,PG-13
1344,Rango,PG
1345,The Ides of March,R
1346,The Twilight Saga: Breaking Dawn - Part 1,PG-13
1347,The Adventures of Tintin,PG
1348,Contagion,PG-13
1349,Just Go with It,PG-13
1350,The Dark Knight Rises,PG-13
1351,Django Unchained,R
1352,The Avengers,PG-13
1353,The Hunger Games,PG-13
1354,The Hobbit: An Unexpected Journey,PG-13
1355,Silver Linings Playbook,R
1356,Skyfall,PG-13
1357,Prometheus,R
1358,Ted,R
1359,Argo,R
1360,Life of Pi,PG
1361,The Amazing Spider-Man,PG-13
1362,Looper,R
1363,21 Jump Street,R
1364,The Perks of Being a Wallflower,PG-13
1365,The Cabin in the Woods,R
1366,Brave,PG
1367,Cloud Atlas,R
1368,Wreck-It Ralph,PG
1369,Men in Black 3,PG-13
1370,Flight,R
1371,Moonrise Kingdom,PG-13
1372,Les Misérables,PG-13
1373,Jack Reacher,PG-13
1374,The Expendables 2,R
1375,Taken 2,PG-13
1376,The Bourne Legacy,PG-13
1377,Snow White and the Huntsman,PG-13
1378,Pitch Perfect,PG-13
1379,Zero Dark Thirty,R
1380,The Dictator,R
1381,John Carter,PG-13
1382,Dredd,R
1383,The Hunt,R
1384,Chronicle,PG-13
1385,Total Recall,PG-13
1386,Lincoln,PG-13
1387,Dark Shadows,PG-13
1388,Battleship,PG-13
1389,The Place Beyond the Pines,R
1390,Seven Psychopaths,R
1391,Lawless,R
1392,The Twilight Saga: Breaking Dawn - Part 2,PG-13
1393,End of Watch,R
1394,Hotel Transylvania,PG
1395,Sinister,R
1396,American Reunion,R
1397,Safe House,R
1398,Project X,R
1399,The Wolf of Wall Street,R
1400,Gravity,PG-13
1401,Iron Man 3,PG-13
1402,Man of Steel,PG-13
1403,The Hunger Games: Catching Fire,PG-13
1404,12 Years a Slave,R
1405,The Hobbit: The Desolation of Smaug,PG-13
1406,World War Z,PG-13
1407,Now You See Me,PG-13
1408,Thor: The Dark World,PG-13
1409,Prisoners,R
1410,Frozen,PG
1411,Her,R
1412,Oblivion,PG-13
1413,Star Trek: Into Darkness,PG-13
1414,Pacific Rim,PG-13
1415,The Great Gatsby,PG-13
1416,American Hustle,R
1417,Dallas Buyers Club,R
1418,The Wolverine,PG-13
1419,Elysium,R
1420,Rush,R
1421,Captain Phillips,PG-13
1422,The Conjuring,R
1423,We're the Millers,R
1424,This Is the End,R
1425,Fast & Furious 6,PG-13
1426,Despicable Me 2,PG
1427,Monsters University,G
1428,The Secret Life of Walter Mitty,PG
1429,The Hangover Part III,R
1430,About Time,R
1431,Lone Survivor,R
1432,Kick-Ass 2,R
1433,Olympus Has Fallen,R
1434,Snowpiercer,R
1435,The World's End,R
1436,Don Jon,R
1437,Ender's Game,PG-13
1438,Escape Plan,R
1439,Warm Bodies,PG-13
1440,The Lone Ranger,PG-13
1441,Gangster Squad,R
1442,Oz the Great and Powerful,PG
1443,White House Down,PG-13
1444,Interstellar,PG-13
1445,Guardians of the Galaxy,PG-13
1446,Gone Girl,R
1447,Captain America: The Winter Soldier,PG-13
1448,The Grand Budapest Hotel,R
1449,X-Men: Days of Future Past,PG-13
1450,The Imitation Game,PG-13
1451,Whiplash,R
1452,Edge of Tomorrow,PG-13
1453,Kingsman: The Secret Service,R
1454,Birdman or (The Unexpected Virtue of Ignorance),R
1455,The Hobbit: The Battle of the Five Armies,PG-13
1456,John Wick,R
1457,Ex Machina,R
1458,Divergent,PG-13
1459,Lucy,R
1460,American Sniper,R
1461,Nightcrawler,R
1462,Dawn of the Planet of the Apes,PG-13
1463,The Amazing Spider-Man 2,PG-13
1464,The Maze Runner,PG-13
1465,Fury,R
1466,The Hunger Games: Mockingjay - Part 1,PG-13
1467,Big Hero 6,PG
1468,The Theory of Everything,PG-13
1469,Godzilla,PG-13
1470,Boyhood,R
1471,22 Jump Street,R
1472,The Fault in Our Stars,PG-13
1473,Maleficent,PG
1474,The Lego Movie,PG
1475,The Equalizer,R
1476,The Interview,R
1477,Transformers: Age of Extinction,PG-13
1478,How to Train Your Dragon 2,PG
1479,Neighbors,R
1480,300: Rise of an Empire,R
1481,Non-Stop,PG-13
1482,Noah,PG-13
1483,Predestination,R
1484,RoboCop,PG-13
1485,Transcendence,PG-13
1486,Teenage Mutant Ninja Turtles,PG-13
1487,It Follows,R
1488,Chef,R
1489,Star Wars: The Force Awakens,PG-13
1490,Mad Max: Fury Road,R
1491,The Martian,PG-13
1492,Avengers: Age of Ultron,PG-13
1493,The Revenant,R
1494,Jurassic World,PG-13
1495,Inside Out,PG
1496,Ant-Man,PG-13
1497,The Hateful Eight,R
1498,Spectre,PG-13
1499,Spotlight,R
1500,Furious 7,PG-13
1501,Sicario,R
1502,Mission: Impossible - Rogue Nation,PG-13
1503,Room,R
1504,The Big Short,R
1505,Fifty Shades of Grey,R
1506,Bridge of Spies,PG-13
1507,The Hunger Games: Mockingjay - Part 2,PG-13
1508,The Man from U.N.C.L.E.,PG-13
1509,Terminator Genisys,PG-13
1510,Spy,R
1511,Chappie,R
1512,Creed,PG-13
1513,Insurgent,PG-13
1514,Southpaw,R
1515,Maze Runner: The Scorch Trials,PG-13
1516,Focus,R
1517,Minions,PG
1518,The Intern,PG-13
1519,San Andreas,PG-13
1520,Everest,PG-13
1521,Jupiter Ascending,PG-13
1522,The Lobster,R
1523,Straight Outta Compton,R
1524,Ted 2,R
1525,Tomorrowland,PG
1526,Black Mass,R
1527,The Witch,R
1528,The Danish Girl,R
1529,Fantastic Four,PG-13
1530,Cinderella,PG
1531,Steve Jobs,R
1532,The Age of Adaline,PG-13
1533,Legend,R
1534,Deadpool,R
1535,Batman v Superman: Dawn of Justice,PG-13
1536,Captain America: Civil War,PG-13
1537,Suicide Squad,PG-13
1538,Arrival,PG-13
1539,Doctor Strange,PG-13
1540,Rogue One: A Star Wars Story,PG-13
1541,La La Land,PG-13
1542,Zootopia,PG
1543,Hacksaw Ridge,R
1544,X-Men: Apocalypse,PG-13
1545,Fantastic Beasts and Where to Find Them,PG-13
1546,Split,PG-13
1547,Passengers,PG-13
1548,10 Cloverfield Lane,PG-13
1549,The Jungle Book,PG
1550,The Nice Guys,R
1551,The Accountant,R
1552,Warcraft: The Beginning,PG-13
1553,Moonlight,R
1554,Moana,PG
1555,Star Trek: Beyond,PG-13
1556,Finding Dory,PG
1557,Now You See Me 2,PG-13
1558,Manchester by the Sea,R
1559,Nocturnal Animals,R
1560,Sully,PG-13
1561,Jason Bourne,PG-13
1562,The Conjuring 2,R
1563,Ghostbusters: Answer the Call,PG-13
1564,Don't Breathe,R
1565,Lion,PG-13
1566,The Promise,PG-13
1567,Hell or High Water,R
1568,The Magnificent Seven,PG-13
1569,Hidden Figures,PG
1570,Assassin's Creed,PG-13
1571,Me Before You,PG-13
1572,Sausage Party,R
1573,The Secret Life of Pets,PG
1574,Independence Day: Resurgence,PG-13
1575,Captain Fantastic,R
1576,War Dogs,R
1577,The Legend of Tarzan,PG-13
1578,The Girl on the Train,R
1579,Miss Peregrine's Home for Peculiar Children,PG-13
1580,Inferno,PG-13
1581,Logan,R
1582,Wonder Woman,PG-13
1583,Dunkirk,PG-13
1584,Star Wars: The Last Jedi,PG-13
1585,Guardians of the Galaxy Vol. 2,PG-13
1586,Thor: Ragnarok,PG-13
1587,Spider-Man: Homecoming,PG-13
1588,Get Out,R
1589,Blade Runner 2049,R
1590,Baby Driver,R
1591,It,R
1592,Justice League,PG-13
1593,"Three Billboards Outside Ebbing, Missouri",R
1594,The Shape of Water,R
1595,John Wick: Chapter 2,R
1596,Coco,PG
1597,Beauty and the Beast,PG
1598,Kong: Skull Island,PG-13
1599,Alien: Covenant,R
1600,Jumanji: Welcome to the Jungle,PG-13
1601,Pirates of the Caribbean: Dead Men Tell No Tales,PG-13
1602,Kingsman: The Golden Circle,R
1603,War for the Planet of the Apes,PG-13
1604,The Fate of the Furious,PG-13
1605,Life,R
1606,Ghost in the Shell,PG-13
1607,Murder on the Orient Express,PG-13
1608,The Greatest Showman,PG
1609,King Arthur: Legend of the Sword,PG-13
1610,Lady Bird,R
1611,Wind River,R
1612,The Hitman's Bodyguard,R
1613,The Mummy,PG-13
1614,Mother!,R
1615,Bright,TV-MA
1616,Atomic Blonde,R
1617,Call Me by Your Name,R
1618,Valerian and the City of a Thousand Planets,PG-13
1619,Baywatch,R
1620,American Made,R
1621,Darkest Hour,PG-13
1622,"I, Tonya",R
1623,Transformers: The Last Knight,PG-13
1624,The Lego Batman Movie,PG
1625,The Dark Tower,PG-13
1626,The Disaster Artist,R
1627,Logan Lucky,PG-13
